{"cameraMode":{"drawMode":0,"name":"Shaded","section":"Shading Mode"},"sceneLighting":false,"audioPlay":false,"sceneViewState":{"showFog":true,"showMaterialUpdate":false,"showSkybox":false,"showFlares":true,"showImageEffects":true,"showParticleSystems":true},"in2DMode":false,"pivot":{"x":0.3783740997314453,"y":1.7698626518249512,"z":0.7824192047119141},"rotation":{"x":-0.12686800956726075,"y":0.09566207230091095,"z":-0.012305830605328083,"w":-0.9872375130653381},"size":31.47753143310547,"orthographic":false}