{"cameraMode":{"drawMode":0,"name":"Shaded","section":"Shading Mode"},"sceneLighting":false,"audioPlay":false,"sceneViewState":{"showFog":true,"showMaterialUpdate":false,"showSkybox":false,"showFlares":true,"showImageEffects":true,"showParticleSystems":true},"in2DMode":false,"pivot":{"x":-105.72582244873047,"y":-11.765472412109375,"z":-63.455745697021487},"rotation":{"x":0.31079044938087466,"y":-0.4195072650909424,"z":0.15548349916934968,"w":0.8386601209640503},"size":161.78060913085938,"orthographic":false}