{"cameraMode":{"drawMode":0,"name":"Shaded","section":"Shading Mode"},"sceneLighting":false,"audioPlay":false,"sceneViewState":{"showFog":true,"showMaterialUpdate":false,"showSkybox":false,"showFlares":true,"showImageEffects":true,"showParticleSystems":true},"in2DMode":false,"pivot":{"x":-0.0047893524169921879,"y":18.697246551513673,"z":2.2414140701293947},"rotation":{"x":-0.32649412751197817,"y":0.36127540469169619,"z":-0.13673336803913117,"w":-0.862668514251709},"size":106.24244689941406,"orthographic":false}