{"cameraMode":{"drawMode":0,"name":"Shaded","section":"Shading Mode"},"sceneLighting":true,"audioPlay":false,"sceneViewState":{"showFog":true,"showMaterialUpdate":false,"showSkybox":true,"showFlares":true,"showImageEffects":true,"showParticleSystems":true},"in2DMode":false,"pivot":{"x":1.3004722595214844,"y":-101.96314239501953,"z":-129.71209716796876},"rotation":{"x":-0.24528561532497407,"y":0.06626103818416596,"z":-0.01682693138718605,"w":-0.9670799970626831},"size":435.87664794921877,"orthographic":false}