{"cameraMode":{"drawMode":0,"name":"Shaded","section":"Shading Mode"},"sceneLighting":false,"audioPlay":false,"sceneViewState":{"showFog":true,"showMaterialUpdate":false,"showSkybox":false,"showFlares":true,"showImageEffects":true,"showParticleSystems":true},"in2DMode":false,"pivot":{"x":49.08177947998047,"y":1.2712087631225587,"z":-300.1612548828125},"rotation":{"x":-0.19318315386772157,"y":0.1691998988389969,"z":-0.03386358916759491,"w":-0.9659179449081421},"size":26.6204891204834,"orthographic":false}