{"cameraMode":{"drawMode":0,"name":"Shaded","section":"Shading Mode"},"sceneLighting":true,"audioPlay":false,"sceneViewState":{"showFog":true,"showMaterialUpdate":false,"showSkybox":true,"showFlares":true,"showImageEffects":true,"showParticleSystems":true},"in2DMode":false,"pivot":{"x":678.85400390625,"y":252.6661376953125,"z":40.25848388671875},"rotation":{"x":-0.024893712252378465,"y":-0.018578598275780679,"z":0.0004451917775440961,"w":-0.9995642900466919},"size":716.4638671875,"orthographic":false}