{"cameraMode":{"drawMode":0,"name":"Shaded","section":"Shading Mode"},"sceneLighting":false,"audioPlay":false,"sceneViewState":{"showFog":true,"showMaterialUpdate":false,"showSkybox":false,"showFlares":true,"showImageEffects":true,"showParticleSystems":true},"in2DMode":false,"pivot":{"x":10.874752044677735,"y":13.729270935058594,"z":8.792388916015625},"rotation":{"x":0.22146862745285035,"y":-0.14564257860183717,"z":0.033471740782260898,"w":0.9636574983596802},"size":185.3599090576172,"orthographic":false}