{"cameraMode":{"drawMode":0,"name":"Shaded","section":"Shading Mode"},"sceneLighting":true,"audioPlay":false,"sceneViewState":{"showFog":true,"showMaterialUpdate":false,"showSkybox":true,"showFlares":true,"showImageEffects":true,"showParticleSystems":true},"in2DMode":false,"pivot":{"x":1034.1798095703125,"y":60.836944580078128,"z":231.0771484375},"rotation":{"x":0.20687635242938996,"y":0.32718634605407717,"z":-0.07364559918642044,"w":0.9190915822982788},"size":764.4201049804688,"orthographic":false}